label,genre,short
0,pop 1,
1,electronica,
2,politically engaged,political
3,psychedelic rock,psychedelic
4,hardstyle,
5,edm 2,
6,rock,
7,rap 4,
8,Europe,
9,metalcore 1,
10,indie 1,
11,indietronica,
12,video game music,video games
13,pop 2,
14,otacore,
15,alternative metal,alt. metal
16,edm 1,
17,doom metal,
18,indie 3,
19,indie 2,
20,rap 1,
21,despacito,
22,rap 3,
23,internet culture 2,culture 2
24,monstercat,
25,music makers 1,makers 1
26,progressive metal,prog. metal
27,lo-fi,
28,grime,
29,spotify,
30,DnB,
31,RuPaul,
32,synthwave,
33,pop-punk 1,
34,K-pop 2,
35,progressive metal 2,prog. metal 2
36,jazz,
37,trance,
38,J-pop,
39,pop-punk 2,
40,rap 2,
41,internet culture,culture
42,power metal,
43,soundtrack,
44,Philippines,
45,K-pop 1,
46,emo,
47,metalcore 2,
48,music makers 2,makers 2
49,pop 3,
